year,region,gear,country,species,catch_mton
2020,CA,stick_held_dip_net,China,pacific_saury,44005.926
2019,CA,stick_held_dip_net,China,pacific_saury,51404
2018,CA,stick_held_dip_net,China,pacific_saury,90338.636
2017,CA,stick_held_dip_net,China,pacific_saury,48458.42
2016,CA,stick_held_dip_net,China,pacific_saury,63015.594
2015,CA,stick_held_dip_net,China,pacific_saury,48502.748
2014,CA,stick_held_dip_net,China,pacific_saury,76129.44
2013,CA,stick_held_dip_net,China,pacific_saury,23191.3
2012,CA,stick_held_dip_net,China,pacific_saury,2014
2018,CA,others,China,pacific_saury,26
2020,CA,stick_held_dip_net,Japan,pacific_saury,17430
2019,CA,stick_held_dip_net,Japan,pacific_saury,20986
2018,CA,stick_held_dip_net,Japan,pacific_saury,46859
2017,CA,stick_held_dip_net,Japan,pacific_saury,15594
2016,CA,stick_held_dip_net,Japan,pacific_saury,19384
2015,CA,stick_held_dip_net,Japan,pacific_saury,31534
2014,CA,stick_held_dip_net,Japan,pacific_saury,5784
2013,CA,stick_held_dip_net,Japan,pacific_saury,8085
2012,CA,stick_held_dip_net,Japan,pacific_saury,1228
2011,CA,stick_held_dip_net,Japan,pacific_saury,1207.926911
2010,CA,stick_held_dip_net,Japan,pacific_saury,2858.870242
2009,CA,stick_held_dip_net,Japan,pacific_saury,722
2008,CA,stick_held_dip_net,Japan,pacific_saury,1124.463
2007,CA,stick_held_dip_net,Japan,pacific_saury,267.167
2006,CA,stick_held_dip_net,Japan,pacific_saury,0
2005,CA,stick_held_dip_net,Japan,pacific_saury,0
2004,CA,stick_held_dip_net,Japan,pacific_saury,0
2003,CA,stick_held_dip_net,Japan,pacific_saury,0
2002,CA,stick_held_dip_net,Japan,pacific_saury,0
2001,CA,stick_held_dip_net,Japan,pacific_saury,0
2000,CA,stick_held_dip_net,Japan,pacific_saury,0
1999,CA,stick_held_dip_net,Japan,pacific_saury,0
1998,CA,stick_held_dip_net,Japan,pacific_saury,4116.172634
1997,CA,stick_held_dip_net,Japan,pacific_saury,0
1996,CA,stick_held_dip_net,Japan,pacific_saury,0
1995,CA,stick_held_dip_net,Japan,pacific_saury,0
2020,NW,stick_held_dip_net,Japan,pacific_saury,12123
2019,NW,stick_held_dip_net,Japan,pacific_saury,21643
2018,NW,stick_held_dip_net,Japan,pacific_saury,81598
2017,NW,stick_held_dip_net,Japan,pacific_saury,68006
2016,NW,stick_held_dip_net,Japan,pacific_saury,94344
2015,NW,stick_held_dip_net,Japan,pacific_saury,84214
2014,NW,stick_held_dip_net,Japan,pacific_saury,220426
2013,NW,stick_held_dip_net,Japan,pacific_saury,139665
2012,NW,stick_held_dip_net,Japan,pacific_saury,217426
2011,NW,stick_held_dip_net,Japan,pacific_saury,212734.1281
2010,NW,stick_held_dip_net,Japan,pacific_saury,202939
2009,NW,stick_held_dip_net,Japan,pacific_saury,305887
2008,NW,stick_held_dip_net,Japan,pacific_saury,345866
2007,NW,stick_held_dip_net,Japan,pacific_saury,290326
2006,NW,stick_held_dip_net,Japan,pacific_saury,239239
2005,NW,stick_held_dip_net,Japan,pacific_saury,229970
2004,NW,stick_held_dip_net,Japan,pacific_saury,199208
2003,NW,stick_held_dip_net,Japan,pacific_saury,255518
2002,NW,stick_held_dip_net,Japan,pacific_saury,199111
2001,NW,stick_held_dip_net,Japan,pacific_saury,263882
2000,NW,stick_held_dip_net,Japan,pacific_saury,210656
1999,NW,stick_held_dip_net,Japan,pacific_saury,135170
1998,NW,stick_held_dip_net,Japan,pacific_saury,135595.8274
1997,NW,stick_held_dip_net,Japan,pacific_saury,284410
1996,NW,stick_held_dip_net,Japan,pacific_saury,213590
1995,NW,stick_held_dip_net,Japan,pacific_saury,267276
2020,NW,others,Japan,pacific_saury,9
2019,NW,others,Japan,pacific_saury,161
2018,NW,others,Japan,pacific_saury,74
2017,NW,others,Japan,pacific_saury,71
2016,NW,others,Japan,pacific_saury,100
2015,NW,others,Japan,pacific_saury,495
2014,NW,others,Japan,pacific_saury,1310
2013,NW,others,Japan,pacific_saury,1454
2012,NW,others,Japan,pacific_saury,2815
2011,NW,others,Japan,pacific_saury,1411
2010,NW,others,Japan,pacific_saury,1691
2009,NW,others,Japan,pacific_saury,4134
2008,NW,others,Japan,pacific_saury,7737
2007,NW,others,Japan,pacific_saury,5930
2006,NW,others,Japan,pacific_saury,5346
2005,NW,others,Japan,pacific_saury,4481
2004,NW,others,Japan,pacific_saury,5163
2003,NW,others,Japan,pacific_saury,9283
2002,NW,others,Japan,pacific_saury,6171
2001,NW,others,Japan,pacific_saury,5916
2000,NW,others,Japan,pacific_saury,5814
1999,NW,others,Japan,pacific_saury,5841
1998,NW,others,Japan,pacific_saury,5271
1997,NW,others,Japan,pacific_saury,6403
1996,NW,others,Japan,pacific_saury,15635
1995,NW,others,Japan,pacific_saury,6234
2020,CA,stick_held_dip_net,Korea,pacific_saury,5993
2019,CA,stick_held_dip_net,Korea,pacific_saury,8375
2018,CA,stick_held_dip_net,Korea,pacific_saury,"20,759"
2017,CA,stick_held_dip_net,Korea,pacific_saury,12471
2016,CA,stick_held_dip_net,Korea,pacific_saury,9883
2015,CA,stick_held_dip_net,Korea,pacific_saury,5466
2014,CA,stick_held_dip_net,Korea,pacific_saury,16129
2013,CA,stick_held_dip_net,Korea,pacific_saury,17666
2012,CA,stick_held_dip_net,Korea,pacific_saury,7068
2011,CA,stick_held_dip_net,Korea,pacific_saury,14061
2010,CA,stick_held_dip_net,Korea,pacific_saury,9031
2009,CA,stick_held_dip_net,Korea,pacific_saury,10008
2008,CA,stick_held_dip_net,Korea,pacific_saury,19004
2007,CA,stick_held_dip_net,Korea,pacific_saury,7625
2006,CA,stick_held_dip_net,Korea,pacific_saury,3303
2005,CA,stick_held_dip_net,Korea,pacific_saury,31175
2004,CA,stick_held_dip_net,Korea,pacific_saury,18082
2003,CA,stick_held_dip_net,Korea,pacific_saury,20146
2002,CA,stick_held_dip_net,Korea,pacific_saury,10676
2001,CA,stick_held_dip_net,Korea,pacific_saury,5401
2000,Composite,composite,Korea,pacific_saury,24457
1999,Composite,composite,Korea,pacific_saury,18138
1998,Composite,composite,Korea,pacific_saury,13922
1997,Composite,composite,Korea,pacific_saury,50227
1996,Composite,composite,Korea,pacific_saury,18681
1995,Composite,composite,Korea,pacific_saury,31321
2020,NW,stick_held_dip_net,Korea,pacific_saury,0
2019,NW,stick_held_dip_net,Korea,pacific_saury,0
2018,NW,stick_held_dip_net,Korea,pacific_saury,"2,943"
2017,NW,stick_held_dip_net,Korea,pacific_saury,2882
2016,NW,stick_held_dip_net,Korea,pacific_saury,6945
2015,NW,stick_held_dip_net,Korea,pacific_saury,5738
2014,NW,stick_held_dip_net,Korea,pacific_saury,7302
2013,NW,stick_held_dip_net,Korea,pacific_saury,2389
2012,NW,stick_held_dip_net,Korea,pacific_saury,6893
2011,NW,stick_held_dip_net,Korea,pacific_saury,4007
2010,NW,stick_held_dip_net,Korea,pacific_saury,12329
2009,NW,stick_held_dip_net,Korea,pacific_saury,11993
2008,NW,stick_held_dip_net,Korea,pacific_saury,11208
2007,NW,stick_held_dip_net,Korea,pacific_saury,9351
2006,NW,stick_held_dip_net,Korea,pacific_saury,8706
2005,NW,stick_held_dip_net,Korea,pacific_saury,9334
2004,NW,stick_held_dip_net,Korea,pacific_saury,4861
2003,NW,stick_held_dip_net,Korea,pacific_saury,11073
2002,NW,stick_held_dip_net,Korea,pacific_saury,9412
2001,NW,stick_held_dip_net,Korea,pacific_saury,15468
2020,CA,stick_held_dip_net,Russia,pacific_saury,442.672
2019,CA,stick_held_dip_net,Russia,pacific_saury,1682.921
2018,CA,stick_held_dip_net,Russia,pacific_saury,5458.569
2017,CA,stick_held_dip_net,Russia,pacific_saury,3657.563
2016,CA,stick_held_dip_net,Russia,pacific_saury,2462.757
2015,CA,stick_held_dip_net,Russia,pacific_saury,4641
2014,CA,stick_held_dip_net,Russia,pacific_saury,7219
2013,CA,stick_held_dip_net,Russia,pacific_saury,229.117
2012,CA,stick_held_dip_net,Russia,pacific_saury,1494
2011,CA,stick_held_dip_net,Russia,pacific_saury,1616
2010,CA,stick_held_dip_net,Russia,pacific_saury,2100
2009,CA,stick_held_dip_net,Russia,pacific_saury,700
2008,CA,stick_held_dip_net,Russia,pacific_saury,16200
2007,CA,stick_held_dip_net,Russia,pacific_saury,15700
2006,CA,stick_held_dip_net,Russia,pacific_saury,17900
2005,CA,stick_held_dip_net,Russia,pacific_saury,34100
2004,CA,stick_held_dip_net,Russia,pacific_saury,8300
2003,CA,stick_held_dip_net,Russia,pacific_saury,0
2020,NW,stick_held_dip_net,Russia,pacific_saury,310.334
2019,NW,stick_held_dip_net,Russia,pacific_saury,719.164
2018,NW,stick_held_dip_net,Russia,pacific_saury,2325.38
2017,NW,stick_held_dip_net,Russia,pacific_saury,2633.148
2016,NW,stick_held_dip_net,Russia,pacific_saury,12136.156
2015,NW,stick_held_dip_net,Russia,pacific_saury,19323
2014,NW,stick_held_dip_net,Russia,pacific_saury,63996
2013,NW,stick_held_dip_net,Russia,pacific_saury,52100.362
2012,NW,stick_held_dip_net,Russia,pacific_saury,61610.716
2011,NW,stick_held_dip_net,Russia,pacific_saury,60447.615
2010,NW,stick_held_dip_net,Russia,pacific_saury,29586.288
2009,NW,stick_held_dip_net,Russia,pacific_saury,36992.708
2008,NW,stick_held_dip_net,Russia,pacific_saury,77665.893
2007,NW,stick_held_dip_net,Russia,pacific_saury,94991.769
2006,NW,stick_held_dip_net,Russia,pacific_saury,59791.448
2005,NW,stick_held_dip_net,Russia,pacific_saury,53502.5
2004,NW,stick_held_dip_net,Russia,pacific_saury,75434.928
2003,NW,stick_held_dip_net,Russia,pacific_saury,57645.743
2002,NW,stick_held_dip_net,Russia,pacific_saury,36602
2001,NW,stick_held_dip_net,Russia,pacific_saury,34616
2000,NW,stick_held_dip_net,Russia,pacific_saury,14827
1999,NW,stick_held_dip_net,Russia,pacific_saury,4576
1998,NW,stick_held_dip_net,Russia,pacific_saury,3057
1997,NW,stick_held_dip_net,Russia,pacific_saury,4493
1996,NW,stick_held_dip_net,Russia,pacific_saury,6684
1995,NW,stick_held_dip_net,Russia,pacific_saury,14283
2020,Composite,others,Russia,pacific_saury,0
2019,Composite,Others,Russia,pacific_saury,0.372
2018,Composite,Others,Russia,pacific_saury,0
2017,Composite,Others,Russia,pacific_saury,24.21
2016,Composite,Others,Russia,pacific_saury,23.832
2015,Composite,Others,Russia,pacific_saury,82.66
2014,Composite,Others,Russia,pacific_saury,38.6
2013,Composite,Others,Russia,pacific_saury,103.324
2020,CA,stick_held_dip_net,Chinese_Taipei,pacific_saury,"55,332"
2019,CA,stick_held_dip_net,Chinese_Taipei,pacific_saury,83941
2018,CA,stick_held_dip_net,Chinese_Taipei,pacific_saury,180466
2017,CA,stick_held_dip_net,Chinese_Taipei,pacific_saury,104405
2016,CA,stick_held_dip_net,Chinese_Taipei,pacific_saury,146025
2015,CA,stick_held_dip_net,Chinese_Taipei,pacific_saury,152271
2014,CA,stick_held_dip_net,Chinese_Taipei,pacific_saury,210355.0729
2013,CA,stick_held_dip_net,Chinese_Taipei,pacific_saury,159568.1144
2012,CA,stick_held_dip_net,Chinese_Taipei,pacific_saury,141066.4829
2011,CA,stick_held_dip_net,Chinese_Taipei,pacific_saury,137089.4495
2010,CA,stick_held_dip_net,Chinese_Taipei,pacific_saury,157666.1597
2009,CA,stick_held_dip_net,Chinese_Taipei,pacific_saury,98176.6725
2008,CA,stick_held_dip_net,Chinese_Taipei,pacific_saury,133762.6005
2007,CA,stick_held_dip_net,Chinese_Taipei,pacific_saury,82361.73225
2006,Composite,stick_held_dip_net,Chinese_Taipei,pacific_saury,60578
2005,CA,stick_held_dip_net,Chinese_Taipei,pacific_saury,101939.3117
2004,CA,stick_held_dip_net,Chinese_Taipei,pacific_saury,60723.41
2003,CA,stick_held_dip_net,Chinese_Taipei,pacific_saury,84443.45885
2002,CA,stick_held_dip_net,Chinese_Taipei,pacific_saury,38062.69694
2001,CA,stick_held_dip_net,Chinese_Taipei,pacific_saury,17149.22121
2000,Composite,stick_held_dip_net,Chinese_Taipei,pacific_saury,27868
1999,Composite,stick_held_dip_net,Chinese_Taipei,pacific_saury,12541
1998,Composite,stick_held_dip_net,Chinese_Taipei,pacific_saury,12794
1997,Composite,stick_held_dip_net,Chinese_Taipei,pacific_saury,21887
1996,Composite,stick_held_dip_net,Chinese_Taipei,pacific_saury,8236
1995,Composite,stick_held_dip_net,Chinese_Taipei,pacific_saury,13772
2020,NW,stick_held_dip_net,Chinese_Taipei,pacific_saury,0
2019,NW,stick_held_dip_net,Chinese_Taipei,pacific_saury,0
2018,NW,stick_held_dip_net,Chinese_Taipei,pacific_saury,0
2017,NW,stick_held_dip_net,Chinese_Taipei,pacific_saury,0
2016,NW,stick_held_dip_net,Chinese_Taipei,pacific_saury,0
2015,NW,stick_held_dip_net,Chinese_Taipei,pacific_saury,0
2014,NW,stick_held_dip_net,Chinese_Taipei,pacific_saury,19581.92708
2013,NW,stick_held_dip_net,Chinese_Taipei,pacific_saury,23050.88559
2012,NW,stick_held_dip_net,Chinese_Taipei,pacific_saury,20447.51714
2011,NW,stick_held_dip_net,Chinese_Taipei,pacific_saury,23442.55045
2010,NW,stick_held_dip_net,Chinese_Taipei,pacific_saury,8025.84031
2009,NW,stick_held_dip_net,Chinese_Taipei,pacific_saury,6042.3275
2008,NW,stick_held_dip_net,Chinese_Taipei,pacific_saury,5751.399545
2007,NW,stick_held_dip_net,Chinese_Taipei,pacific_saury,4915.267755
2005,NW,stick_held_dip_net,Chinese_Taipei,pacific_saury,9551.68827
2004,NW,stick_held_dip_net,Chinese_Taipei,pacific_saury,108.59
2003,NW,stick_held_dip_net,Chinese_Taipei,pacific_saury,7071.541147
2002,NW,stick_held_dip_net,Chinese_Taipei,pacific_saury,13220.30306
2001,NW,stick_held_dip_net,Chinese_Taipei,pacific_saury,22600.77879
2020,CA,stick_held_dip_net,Vanuatu,pacific_saury,2670
2019,CA,stick_held_dip_net,Vanuatu,pacific_saury,3465
2018,CA,stick_held_dip_net,Vanuatu,pacific_saury,8230.8
2017,CA,stick_held_dip_net,Vanuatu,pacific_saury,4437
2016,CA,stick_held_dip_net,Vanuatu,pacific_saury,7331
2015,CA,stick_held_dip_net,Vanuatu,pacific_saury,6616
2014,CA,stick_held_dip_net,Vanuatu,pacific_saury,1915
2013,CA,stick_held_dip_net,Vanuatu,pacific_saury,1509
2020,CA170EWest,squid_jigging,China,neon_flying_squid,4205.852
2019,CA170EWest,squid_jigging,China,neon_flying_squid,11774
2018,CA170EWest,squid_jigging,China,neon_flying_squid,15049.193
2017,CA170EWest,squid_jigging,China,neon_flying_squid,35949.524
2016,CA170EWest,squid_jigging,China,neon_flying_squid,50279.982
2015,CA170EWest,squid_jigging,China,neon_flying_squid,30249.71
2014,CA170EWest,squid_jigging,China,neon_flying_squid,35076.87
2013,CA170EWest,squid_jigging,China,neon_flying_squid,47202.47
2012,CA170EWest,squid_jigging,China,neon_flying_squid,41154.66
2011,CA170EWest,squid_jigging,China,neon_flying_squid,62891.6
2010,CA170EWest,squid_jigging,China,neon_flying_squid,65854.6
2009,CA170EWest,squid_jigging,China,neon_flying_squid,40707.1
2008,CA170EWest,squid_jigging,China,neon_flying_squid,113000
2007,CA170EWest,squid_jigging,China,neon_flying_squid,126427.4
2006,CA170EWest,squid_jigging,China,neon_flying_squid,110000
2005,CA170EWest,squid_jigging,China,neon_flying_squid,112000
2020,CA170EEast,squid_jigging,China,neon_flying_squid,6333.876
2019,CA170EEast,squid_jigging,China,neon_flying_squid,4145
2018,CA170EEast,squid_jigging,China,neon_flying_squid,4516.43
2017,CA170EEast,squid_jigging,China,neon_flying_squid,3040
2016,CA170EEast,squid_jigging,China,neon_flying_squid,889.518
2015,CA170EEast,squid_jigging,China,neon_flying_squid,513.3
2014,CA170EEast,squid_jigging,China,neon_flying_squid,1633
2013,CA170EEast,squid_jigging,China,neon_flying_squid,950
2012,CA170EEast,squid_jigging,China,neon_flying_squid,192.52
2020,CA170EEast,squid_jigging,China,jpn_flying_squid,324
2019,CA170EEast,squid_jigging,China,jpn_flying_squid,0
2018,CA170EEast,squid_jigging,China,jpn_flying_squid,0
2017,CA170EEast,squid_jigging,China,jpn_flying_squid,0
2016,CA170EEast,squid_jigging,China,jpn_flying_squid,670.523
2015,CA170EEast,squid_jigging,China,jpn_flying_squid,2636.96
2014,CA170EEast,squid_jigging,China,jpn_flying_squid,1503.66
2013,CA170EEast,squid_jigging,China,jpn_flying_squid,2697.94
2020,CA170EEast,squid_jigging,China,jpn_flying_squid,0
2019,CA170EEast,squid_jigging,China,jpn_flying_squid,0
2018,CA170EEast,squid_jigging,China,jpn_flying_squid,0
2017,CA170EEast,squid_jigging,China,jpn_flying_squid,0
2016,CA170EEast,squid_jigging,China,jpn_flying_squid,0
2015,CA170EEast,squid_jigging,China,jpn_flying_squid,0
2014,CA170EEast,squid_jigging,China,jpn_flying_squid,0
2013,CA170EEast,squid_jigging,China,jpn_flying_squid,0
2020,"CA
170E
West",squid_jigging,Japan,neon_flying_squid,23
2019,"CA
170E
West",squid_jigging,Japan,neon_flying_squid,9
2018,"CA
170E
West",squid_jigging,Japan,neon_flying_squid,18
2017,"CA
170E
West",squid_jigging,Japan,neon_flying_squid,2
2016,"CA
170E
West",squid_jigging,Japan,neon_flying_squid,126
2015,"CA
170E
West",squid_jigging,Japan,neon_flying_squid,138
2014,"CA
170E
West",squid_jigging,Japan,neon_flying_squid,117.5
2013,"CA
170E
West",squid_jigging,Japan,neon_flying_squid,310.2
2012,"CA
170E
West",squid_jigging,Japan,neon_flying_squid,41
2011,"CA
170E
West",squid_jigging,Japan,neon_flying_squid,331
2010,"CA
170E
West",squid_jigging,Japan,neon_flying_squid,462
2009,"CA
170E
West",squid_jigging,Japan,neon_flying_squid,455.6
2008,"CA
170E
West",squid_jigging,Japan,neon_flying_squid,338.1
2007,"CA
170E
West",squid_jigging,Japan,neon_flying_squid,311
2006,"CA
170E
West",squid_jigging,Japan,neon_flying_squid,185.2
2005,"CA
170E
West",squid_jigging,Japan,neon_flying_squid,274
2004,"CA
170E
West",squid_jigging,Japan,neon_flying_squid,285
2003,"CA
170E
West",squid_jigging,Japan,neon_flying_squid,1123
2002,"CA
170E
West",squid_jigging,Japan,neon_flying_squid,305
2001,"CA
170E
West",squid_jigging,Japan,neon_flying_squid,1179
2000,"CA
170E
West",squid_jigging,Japan,neon_flying_squid,1140
1999,"CA
170E
West",squid_jigging,Japan,neon_flying_squid,3670
1998,"CA
170E
West",squid_jigging,Japan,neon_flying_squid,8803.4
1997,"CA
170E
West",squid_jigging,Japan,neon_flying_squid,18280
1996,"CA
170E
West",squid_jigging,Japan,neon_flying_squid,17693
1995,"CA
170E
West",squid_jigging,Japan,neon_flying_squid,17542.5
2020,CA170EEast,squid_jigging,Japan,neon_flying_squid,6871
2019,CA170EEast,squid_jigging,Japan,neon_flying_squid,7101
2018,CA170EEast,squid_jigging,Japan,neon_flying_squid,4250
2017,CA170EEast,squid_jigging,Japan,neon_flying_squid,3623
2016,CA170EEast,squid_jigging,Japan,neon_flying_squid,3008
2015,CA170EEast,squid_jigging,Japan,neon_flying_squid,2876
2014,CA170EEast,squid_jigging,Japan,neon_flying_squid,2584
2013,CA170EEast,squid_jigging,Japan,neon_flying_squid,1599.3
2012,CA170EEast,squid_jigging,Japan,neon_flying_squid,2538
2011,CA170EEast,squid_jigging,Japan,neon_flying_squid,702
2010,CA170EEast,squid_jigging,Japan,neon_flying_squid,1889
2009,CA170EEast,squid_jigging,Japan,neon_flying_squid,4850.5
2008,CA170EEast,squid_jigging,Japan,neon_flying_squid,5186
2007,CA170EEast,squid_jigging,Japan,neon_flying_squid,3542
2006,CA170EEast,squid_jigging,Japan,neon_flying_squid,1915
2005,CA170EEast,squid_jigging,Japan,neon_flying_squid,7639
2004,CA170EEast,squid_jigging,Japan,neon_flying_squid,3536
2003,CA170EEast,squid_jigging,Japan,neon_flying_squid,2036
2002,CA170EEast,squid_jigging,Japan,neon_flying_squid,2447
2001,CA170EEast,squid_jigging,Japan,neon_flying_squid,1358
2000,CA170EEast,squid_jigging,Japan,neon_flying_squid,3702
1999,CA170EEast,squid_jigging,Japan,neon_flying_squid,5023
1998,CA170EEast,squid_jigging,Japan,neon_flying_squid,14847.8
1997,CA170EEast,squid_jigging,Japan,neon_flying_squid,365.7
1996,CA170EEast,squid_jigging,Japan,neon_flying_squid,1237.8
1995,CA170EEast,squid_jigging,Japan,neon_flying_squid,315.9
2020,NW,squid_jigging,Japan,neon_flying_squid,60
2019,NW,squid_jigging,Japan,neon_flying_squid,28
2018,NW,squid_jigging,Japan,neon_flying_squid,625
2017,NW,squid_jigging,Japan,neon_flying_squid,551
2016,NW,squid_jigging,Japan,neon_flying_squid,0
2015,NW,squid_jigging,Japan,neon_flying_squid,3.504
2014,NW,squid_jigging,Japan,neon_flying_squid,1750.9
2013,NW,squid_jigging,Japan,neon_flying_squid,396
2012,NW,squid_jigging,Japan,neon_flying_squid,0.6
2011,NW,squid_jigging,Japan,neon_flying_squid,3102.8
2010,NW,squid_jigging,Japan,neon_flying_squid,1012
2009,NW,squid_jigging,Japan,neon_flying_squid,5504.6
2008,NW,squid_jigging,Japan,neon_flying_squid,7454.4
2007,NW,squid_jigging,Japan,neon_flying_squid,348
2006,NW,squid_jigging,Japan,neon_flying_squid,11050
2005,NW,squid_jigging,Japan,neon_flying_squid,5939
2004,NW,squid_jigging,Japan,neon_flying_squid,4321
2003,NW,squid_jigging,Japan,neon_flying_squid,11954
2002,NW,squid_jigging,Japan,neon_flying_squid,3745
2001,NW,squid_jigging,Japan,neon_flying_squid,2812
2000,NW,squid_jigging,Japan,neon_flying_squid,7310
1999,NW,squid_jigging,Japan,neon_flying_squid,6911
1998,NW,squid_jigging,Japan,neon_flying_squid,13311
1997,NW,squid_jigging,Japan,neon_flying_squid,6798
1996,NW,squid_jigging,Japan,neon_flying_squid,8390
1995,NW,squid_jigging,Japan,neon_flying_squid,9800
2020,NW,squid_jigging,Japan,jpn_flying_squid,36910
2019,NW,squid_jigging,Japan,jpn_flying_squid,29249
2018,NW,squid_jigging,Japan,jpn_flying_squid,45855
2017,NW,squid_jigging,Japan,jpn_flying_squid,22997
2016,NW,squid_jigging,Japan,jpn_flying_squid,27187
2015,NW,squid_jigging,Japan,jpn_flying_squid,76317
2014,NW,squid_jigging,Japan,jpn_flying_squid,117547
2013,NW,squid_jigging,Japan,jpn_flying_squid,123256
2012,NW,squid_jigging,Japan,jpn_flying_squid,100560
2011,NW,squid_jigging,Japan,jpn_flying_squid,163743.9423
2010,NW,squid_jigging,Japan,jpn_flying_squid,125847.1077
2009,NW,squid_jigging,Japan,jpn_flying_squid,131045.225
2008,NW,squid_jigging,Japan,jpn_flying_squid,118839.3981
2007,NW,squid_jigging,Japan,jpn_flying_squid,158297
2006,NW,squid_jigging,Japan,jpn_flying_squid,60739.77315
2005,NW,squid_jigging,Japan,jpn_flying_squid,102613.9606
2004,NW,squid_jigging,Japan,jpn_flying_squid,115438.9359
2003,NW,squid_jigging,Japan,jpn_flying_squid,118946.178
2002,NW,squid_jigging,Japan,jpn_flying_squid,116526
2001,NW,squid_jigging,Japan,jpn_flying_squid,152130.949
2000,NW,squid_jigging,Japan,jpn_flying_squid,192677.4051
1999,NW,squid_jigging,Japan,jpn_flying_squid,61369.68671
1998,NW,squid_jigging,Japan,jpn_flying_squid,53882.81201
1997,NW,squid_jigging,Japan,jpn_flying_squid,224779.5632
1996,NW,squid_jigging,Japan,jpn_flying_squid,292744.53
1995,NW,squid_jigging,Japan,jpn_flying_squid,168415.468
2020,CA170EWest,squid_jigging,Korea,neon_flying_squid,0
2019,CA170EWest,squid_jigging,Korea,neon_flying_squid,37
2018,CA170EWest,squid_jigging,Korea,neon_flying_squid,0
2017,CA170EWest,squid_jigging,Korea,neon_flying_squid,6.54
2020,CA170EEast,squid_jigging,Korea,neon_flying_squid,0
2019,CA170EEast,squid_jigging,Korea,neon_flying_squid,0
2018,CA170EEast,squid_jigging,Korea,neon_flying_squid,0
2017,CA170EEast,squid_jigging,Korea,neon_flying_squid,0.29
2020,NW,midwater_trawl,Russia,neon_flying_squid,0
2019,NW,midwater_trawl,Russia,neon_flying_squid,0.001
2018,NW,midwater_trawl,Russia,neon_flying_squid,1.532
2017,NW,midwater_trawl,Russia,neon_flying_squid,0.105
2016,NW,midwater_trawl,Russia,neon_flying_squid,0.1
2015,NW,midwater_trawl,Russia,neon_flying_squid,0.2
2014,NW,midwater_trawl,Russia,neon_flying_squid,NA
2013,NW,midwater_trawl,Russia,neon_flying_squid,0
2012,NW,midwater_trawl,Russia,neon_flying_squid,0
2011,NW,midwater_trawl,Russia,neon_flying_squid,377
2010,NW,midwater_trawl,Russia,neon_flying_squid,0
2009,NW,midwater_trawl,Russia,neon_flying_squid,0
2008,NW,midwater_trawl,Russia,neon_flying_squid,0
2007,NW,midwater_trawl,Russia,neon_flying_squid,242
2006,NW,midwater_trawl,Russia,neon_flying_squid,148
2005,NW,midwater_trawl,Russia,neon_flying_squid,1233
2004,NW,midwater_trawl,Russia,neon_flying_squid,728
2003,NW,midwater_trawl,Russia,neon_flying_squid,314
2002,NW,midwater_trawl,Russia,neon_flying_squid,189
2001,NW,midwater_trawl,Russia,neon_flying_squid,101
2000,NW,midwater_trawl,Russia,neon_flying_squid,0
1999,NW,midwater_trawl,Russia,neon_flying_squid,147
2020,CA170EEast,squid_jigging,Russia,neon_flying_squid,0
2019,CA170EEast,squid_jigging,Russia,neon_flying_squid,0.559
2020,NW,Danish_seine,Russia,jpn_flying_squid,0
2019,NW,Danish_seine,Russia,jpn_flying_squid,1.233
2020,NW,squid_jigging,Russia,jpn_flying_squid,0
2019,NW,squid_jigging,Russia,jpn_flying_squid,12.546
2020,CA,squid_jigging,Russia,jpn_flying_squid,0
2019,CA,squid_jigging,Russia,jpn_flying_squid,2.014
2020,NW,bottom_trawl,Russia,jpn_flying_squid,0
2019,NW,bottom_trawl,Russia,jpn_flying_squid,2562.572
2018,NW,bottom_trawl,Russia,jpn_flying_squid,23.992
2017,NW,bottom_trawl,Russia,jpn_flying_squid,135.004
2016,NW,bottom_trawl,Russia,jpn_flying_squid,275.346
2015,NW,bottom_trawl,Russia,jpn_flying_squid,2006.362
2014,NW,bottom_trawl,Russia,jpn_flying_squid,4721.293
2020,CA170EWest,midwater_trawl,Russia,jpn_flying_squid,0
2019,CA170EWest,midwater_trawl,Russia,jpn_flying_squid,0
2018,CA170EWest,midwater_trawl,Russia,jpn_flying_squid,0
2017,CA170EWest,midwater_trawl,Russia,jpn_flying_squid,0
2016,CA170EWest,midwater_trawl,Russia,jpn_flying_squid,0.026
2015,CA170EWest,midwater_trawl,Russia,jpn_flying_squid,0.139
2014,CA170EWest,midwater_trawl,Russia,jpn_flying_squid,0.088
2020,NW,midwater_trawl,Russia,jpn_flying_squid,0
2019,NW,midwater_trawl,Russia,jpn_flying_squid,15040.553
2018,NW,midwater_trawl,Russia,jpn_flying_squid,253.197
2017,NW,midwater_trawl,Russia,jpn_flying_squid,209.346
2016,NW,midwater_trawl,Russia,jpn_flying_squid,4200.757
2015,NW,midwater_trawl,Russia,jpn_flying_squid,8739.7
2014,NW,midwater_trawl,Russia,jpn_flying_squid,1467.337
2013,NW,midwater_trawl,Russia,jpn_flying_squid,3277
2012,NW,midwater_trawl,Russia,jpn_flying_squid,767
2020,CA170EWest,squid_jigging,Chinese_Taipei,neon_flying_squid,365
2019,CA170EWest,squid_jigging,Chinese_Taipei,neon_flying_squid,2844
2018,CA170EWest,squid_jigging,Chinese_Taipei,neon_flying_squid,2
2017,CA170EWest,squid_jigging,Chinese_Taipei,neon_flying_squid,1064
2016,CA170EWest,squid_jigging,Chinese_Taipei,neon_flying_squid,3589
2015,CA170EWest,squid_jigging,Chinese_Taipei,neon_flying_squid,NA
2014,CA170EWest,squid_jigging,Chinese_Taipei,neon_flying_squid,NA
2013,CA170EWest,squid_jigging,Chinese_Taipei,neon_flying_squid,NA
2012,CA170EWest,squid_jigging,Chinese_Taipei,neon_flying_squid,NA
2011,CA170EWest,squid_jigging,Chinese_Taipei,neon_flying_squid,23
2010,CA170EWest,squid_jigging,Chinese_Taipei,neon_flying_squid,NA
2009,CA170EWest,squid_jigging,Chinese_Taipei,neon_flying_squid,311
2008,CA170EWest,squid_jigging,Chinese_Taipei,neon_flying_squid,481
2007,CA170EWest,squid_jigging,Chinese_Taipei,neon_flying_squid,478
2006,CA170EWest,squid_jigging,Chinese_Taipei,neon_flying_squid,472
2005,CA170EWest,squid_jigging,Chinese_Taipei,neon_flying_squid,4087
2004,CA170EWest,squid_jigging,Chinese_Taipei,neon_flying_squid,8646
2003,CA170EWest,squid_jigging,Chinese_Taipei,neon_flying_squid,465
2002,CA170EWest,squid_jigging,Chinese_Taipei,neon_flying_squid,2870
2001,CA170EWest,squid_jigging,Chinese_Taipei,neon_flying_squid,5104
2000,CA170EWest,squid_jigging,Chinese_Taipei,neon_flying_squid,5703
1999,CA170EWest,squid_jigging,Chinese_Taipei,neon_flying_squid,9324
1998,CA170EWest,squid_jigging,Chinese_Taipei,neon_flying_squid,31963
1997,CA170EWest,squid_jigging,Chinese_Taipei,neon_flying_squid,10550
1996,CA170EWest,squid_jigging,Chinese_Taipei,neon_flying_squid,15729
1995,CA170EWest,squid_jigging,Chinese_Taipei,neon_flying_squid,21693
2020,CA170EEast,squid_jigging,Chinese_Taipei,neon_flying_squid,0
2019,CA170EEast,squid_jigging,Chinese_Taipei,neon_flying_squid,0
2018,CA170EEast,squid_jigging,Chinese_Taipei,neon_flying_squid,0
2017,CA170EEast,squid_jigging,Chinese_Taipei,neon_flying_squid,0
2016,CA170EEast,squid_jigging,Chinese_Taipei,neon_flying_squid,0
2015,CA170EEast,squid_jigging,Chinese_Taipei,neon_flying_squid,NA
2014,CA170EEast,squid_jigging,Chinese_Taipei,neon_flying_squid,NA
2013,CA170EEast,squid_jigging,Chinese_Taipei,neon_flying_squid,NA
2012,CA170EEast,squid_jigging,Chinese_Taipei,neon_flying_squid,NA
2011,CA170EEast,squid_jigging,Chinese_Taipei,neon_flying_squid,0
2010,CA170EEast,squid_jigging,Chinese_Taipei,neon_flying_squid,NA
2009,CA170EEast,squid_jigging,Chinese_Taipei,neon_flying_squid,25
2008,CA170EEast,squid_jigging,Chinese_Taipei,neon_flying_squid,NA
2007,CA170EEast,squid_jigging,Chinese_Taipei,neon_flying_squid,NA
2006,CA170EEast,squid_jigging,Chinese_Taipei,neon_flying_squid,NA
2005,CA170EEast,squid_jigging,Chinese_Taipei,neon_flying_squid,215
2004,CA170EEast,squid_jigging,Chinese_Taipei,neon_flying_squid,376
2003,CA170EEast,squid_jigging,Chinese_Taipei,neon_flying_squid,17
2002,CA170EEast,squid_jigging,Chinese_Taipei,neon_flying_squid,880
2001,CA170EEast,squid_jigging,Chinese_Taipei,neon_flying_squid,NA
2000,CA170EEast,squid_jigging,Chinese_Taipei,neon_flying_squid,14
1999,CA170EEast,squid_jigging,Chinese_Taipei,neon_flying_squid,1937
1998,CA170EEast,squid_jigging,Chinese_Taipei,neon_flying_squid,2877
1997,CA170EEast,squid_jigging,Chinese_Taipei,neon_flying_squid,1093
1996,CA170EEast,squid_jigging,Chinese_Taipei,neon_flying_squid,2577
1995,CA170EEast,squid_jigging,Chinese_Taipei,neon_flying_squid,550
2020,CA170EEast,squid_jigging,Vanuatu,neon_flying_squid,0
2019,CA170EEast,squid_jigging,Vanuatu,neon_flying_squid,0
2020,CA170EWest,squid_jigging,Vanuatu,neon_flying_squid,0
2019,CA170EWest,squid_jigging,Vanuatu,neon_flying_squid,35
2020,NW,purse_seine,Japan,jpn_sardine,544788
2019,NW,purse_seine,Japan,jpn_sardine,461129
2018,NW,purse_seine,Japan,jpn_sardine,377274
2017,NW,purse_seine,Japan,jpn_sardine,394790
2016,NW,purse_seine,Japan,jpn_sardine,269652
2015,NW,purse_seine,Japan,jpn_sardine,209188
2014,NW,purse_seine,Japan,jpn_sardine,145459
2013,NW,purse_seine,Japan,jpn_sardine,113691
2012,NW,purse_seine,Japan,jpn_sardine,89728
2011,NW,purse_seine,Japan,jpn_sardine,118764
2010,NW,purse_seine,Japan,jpn_sardine,56378
2009,NW,purse_seine,Japan,jpn_sardine,39747
2008,NW,purse_seine,Japan,jpn_sardine,19917
2007,NW,purse_seine,Japan,jpn_sardine,56748
2006,NW,purse_seine,Japan,jpn_sardine,44872
2005,NW,purse_seine,Japan,jpn_sardine,13848
2004,NW,purse_seine,Japan,jpn_sardine,35975
2003,NW,purse_seine,Japan,jpn_sardine,40497
2002,NW,purse_seine,Japan,jpn_sardine,38599
2001,NW,purse_seine,Japan,jpn_sardine,151282
2000,NW,purse_seine,Japan,jpn_sardine,117483
1999,NW,purse_seine,Japan,jpn_sardine,272011
1998,NW,purse_seine,Japan,jpn_sardine,112842
1997,NW,purse_seine,Japan,jpn_sardine,214617
1996,NW,purse_seine,Japan,jpn_sardine,130182
1995,NW,purse_seine,Japan,jpn_sardine,224784
2020,NW,others,Japan,jpn_sardine,"55,222"
2019,NW,others,Japan,jpn_sardine,60281
2018,NW,others,Japan,jpn_sardine,74108
2017,NW,others,Japan,jpn_sardine,51028
2016,NW,others,Japan,jpn_sardine,46033
2015,NW,others,Japan,jpn_sardine,64676
2014,NW,others,Japan,jpn_sardine,40786
2013,NW,others,Japan,jpn_sardine,15822
2012,NW,others,Japan,jpn_sardine,11864
2011,NW,others,Japan,jpn_sardine,13090
2010,NW,others,Japan,jpn_sardine,8197
2009,NW,others,Japan,jpn_sardine,9499
2008,NW,others,Japan,jpn_sardine,6937
2007,NW,others,Japan,jpn_sardine,8328
2006,NW,others,Japan,jpn_sardine,4305
2005,NW,others,Japan,jpn_sardine,10975
2004,NW,others,Japan,jpn_sardine,12008
2003,NW,others,Japan,jpn_sardine,10464
2002,NW,others,Japan,jpn_sardine,10263
2001,NW,others,Japan,jpn_sardine,25413
2000,NW,others,Japan,jpn_sardine,21260
1999,NW,others,Japan,jpn_sardine,35846
1998,NW,others,Japan,jpn_sardine,28671
1997,NW,others,Japan,jpn_sardine,40532
1996,NW,others,Japan,jpn_sardine,50538
1995,NW,others,Japan,jpn_sardine,107365
2020,CA,purse_seine,China,jpn_sardine,85697.6
2019,CA,purse_seine,China,jpn_sardine,32172
2018,CA,purse_seine,China,jpn_sardine,25246.42
2017,CA,purse_seine,China,jpn_sardine,9177.74
2020,CA,pelagic_trawl,China,jpn_sardine,6980.9
2019,CA,pelagic_trawl,China,jpn_sardine,13814
2018,CA,pelagic_trawl,China,jpn_sardine,1082.74
2017,CA,pelagic_trawl,China,jpn_sardine,986
2020,NW,purse_seine,Russia,jpn_sardine,10745.663
2019,NW,purse_seine,Russia,jpn_sardine,8366.7
2018,NW,purse_seine,Russia,jpn_sardine,3116.8
2017,NW,purse_seine,Russia,jpn_sardine,2552.3
2016,NW,purse_seine,Russia,jpn_sardine,65.423
2020,NW,midwater_trawl,Russia,jpn_sardine,279358.94
2019,NW,midwater_trawl,Russia,jpn_sardine,124616.627
2018,NW,midwater_trawl,Russia,jpn_sardine,59754.676
2017,NW,midwater_trawl,Russia,jpn_sardine,13859.208
2016,NW,midwater_trawl,Russia,jpn_sardine,6608.615
2015,NW,midwater_trawl,Russia,jpn_sardine,13.465
2014,NW,midwater_trawl,Russia,jpn_sardine,1.417
2020,CA,midwater_trawl,Russia,jpn_sardine,2590.865
2019,CA,midwater_trawl,Russia,jpn_sardine,0
2018,CA,midwater_trawl,Russia,jpn_sardine,0
2017,CA,midwater_trawl,Russia,jpn_sardine,64.032
2016,CA,midwater_trawl,Russia,jpn_sardine,3.776
2015,CA,midwater_trawl,Russia,jpn_sardine,5.058
2014,CA,midwater_trawl,Russia,jpn_sardine,7.966
2020,NW,others,Russia,jpn_sardine,22786.771
2019,NW,others,Russia,jpn_sardine,28.094
2018,NW,others,Russia,jpn_sardine,13.848
2017,NW,others,Russia,jpn_sardine,33.656
2016,NW,others,Russia,jpn_sardine,2.149
2015,NW,others,Russia,jpn_sardine,3.5
2014,NW,others,Russia,jpn_sardine,0.121
2020,CA,others,Russia,jpn_sardine,8.989
2019,CA,others,Russia,jpn_sardine,0.198
2018,CA,others,Russia,jpn_sardine,2.028
2017,CA,others,Russia,jpn_sardine,15.406
2020,NW,purse_seine,Japan,chub_spotted_mackerel,"221,423"
2019,NW,purse_seine,Japan,chub_spotted_mackerel,256442
2018,NW,purse_seine,Japan,chub_spotted_mackerel,293210
2017,NW,purse_seine,Japan,chub_spotted_mackerel,308544
2016,NW,purse_seine,Japan,chub_spotted_mackerel,354690
2015,NW,purse_seine,Japan,chub_spotted_mackerel,331963
2014,NW,purse_seine,Japan,chub_spotted_mackerel,313489
2013,NW,purse_seine,Japan,chub_spotted_mackerel,206018
2012,NW,purse_seine,Japan,chub_spotted_mackerel,218785
2011,NW,purse_seine,Japan,chub_spotted_mackerel,165426
2010,NW,purse_seine,Japan,chub_spotted_mackerel,239567
2009,NW,purse_seine,Japan,chub_spotted_mackerel,222965
2008,NW,purse_seine,Japan,chub_spotted_mackerel,269667
2007,NW,purse_seine,Japan,chub_spotted_mackerel,219918
2006,NW,purse_seine,Japan,chub_spotted_mackerel,381616
2005,NW,purse_seine,Japan,chub_spotted_mackerel,334159
2004,NW,purse_seine,Japan,chub_spotted_mackerel,130464
2003,NW,purse_seine,Japan,chub_spotted_mackerel,119540
2002,NW,purse_seine,Japan,chub_spotted_mackerel,92811
2001,NW,purse_seine,Japan,chub_spotted_mackerel,165322
2000,NW,purse_seine,Japan,chub_spotted_mackerel,123590
1999,NW,purse_seine,Japan,chub_spotted_mackerel,101638
1998,NW,purse_seine,Japan,chub_spotted_mackerel,231226
1997,NW,purse_seine,Japan,chub_spotted_mackerel,419785
1996,NW,purse_seine,Japan,chub_spotted_mackerel,198303
1995,NW,purse_seine,Japan,chub_spotted_mackerel,121646
2020,NW,others,Japan,chub_spotted_mackerel,"50,858"
2019,NW,others,Japan,chub_spotted_mackerel,77616
2018,NW,others,Japan,chub_spotted_mackerel,45537
2017,NW,others,Japan,chub_spotted_mackerel,37465
2016,NW,others,Japan,chub_spotted_mackerel,48859
2015,NW,others,Japan,chub_spotted_mackerel,61234
2014,NW,others,Japan,chub_spotted_mackerel,65370
2013,NW,others,Japan,chub_spotted_mackerel,63430
2012,NW,others,Japan,chub_spotted_mackerel,63134
2011,NW,others,Japan,chub_spotted_mackerel,63758
2010,NW,others,Japan,chub_spotted_mackerel,98032
2009,NW,others,Japan,chub_spotted_mackerel,63438
2008,NW,others,Japan,chub_spotted_mackerel,88297
2007,NW,others,Japan,chub_spotted_mackerel,75591
2006,NW,others,Japan,chub_spotted_mackerel,111487
2005,NW,others,Japan,chub_spotted_mackerel,105103
2004,NW,others,Japan,chub_spotted_mackerel,87534
2003,NW,others,Japan,chub_spotted_mackerel,85515
2002,NW,others,Japan,chub_spotted_mackerel,45043
2001,NW,others,Japan,chub_spotted_mackerel,53235
2000,NW,others,Japan,chub_spotted_mackerel,67116
1999,NW,others,Japan,chub_spotted_mackerel,76741
1998,NW,others,Japan,chub_spotted_mackerel,55608
1997,NW,others,Japan,chub_spotted_mackerel,123152
1996,NW,others,Japan,chub_spotted_mackerel,129145
1995,NW,others,Japan,chub_spotted_mackerel,80016
2020,CA,bottom_trawl,Japan,chub_spotted_mackerel,0
2019,CA,bottom_trawl,Japan,chub_spotted_mackerel,0
2018,CA,bottom_trawl,Japan,chub_spotted_mackerel,0
2017,CA,bottom_trawl,Japan,chub_spotted_mackerel,0
2016,CA,bottom_trawl,Japan,chub_spotted_mackerel,9
2015,CA,bottom_trawl,Japan,chub_spotted_mackerel,42
2014,CA,bottom_trawl,Japan,chub_spotted_mackerel,1269
2013,CA,bottom_trawl,Japan,chub_spotted_mackerel,922
2012,CA,bottom_trawl,Japan,chub_spotted_mackerel,7
2011,CA,bottom_trawl,Japan,chub_spotted_mackerel,70
2010,CA,bottom_trawl,Japan,chub_spotted_mackerel,58
2009,CA,bottom_trawl,Japan,chub_spotted_mackerel,2
2020,CA,purse_seine,China,chub_spotted_mackerel,85121.9
2019,CA,purse_seine,China,chub_spotted_mackerel,53210
2018,CA,purse_seine,China,chub_spotted_mackerel,121471.89
2017,CA,purse_seine,China,chub_spotted_mackerel,145529
2016,CA,purse_seine,China,chub_spotted_mackerel,119641
2015,CA,purse_seine,China,chub_spotted_mackerel,127192.55
2020,NW,pelagic_trawl,China,chub_spotted_mackerel,0
2019,NW,pelagic_trawl,China,chub_spotted_mackerel,0
2018,NW,pelagic_trawl,China,chub_spotted_mackerel,0
2017,NW,pelagic_trawl,China,chub_spotted_mackerel,0
2016,NW,pelagic_trawl,China,chub_spotted_mackerel,0
2015,NW,pelagic_trawl,China,chub_spotted_mackerel,5114.38
2020,CA,pelagic_trawl,China,chub_spotted_mackerel,7334.4
2019,CA,pelagic_trawl,China,chub_spotted_mackerel,11236
2018,CA,pelagic_trawl,China,chub_spotted_mackerel,8975.06
2017,CA,pelagic_trawl,China,chub_spotted_mackerel,10045
2016,CA,pelagic_trawl,China,chub_spotted_mackerel,23353
2015,CA,pelagic_trawl,China,chub_spotted_mackerel,7653.8
2020,NW,bottom_trawl,Russia,chub_spotted_mackerel,119.573
2019,NW,bottom_trawl,Russia,chub_spotted_mackerel,1.278
2018,NW,bottom_trawl,Russia,chub_spotted_mackerel,6.853
2017,NW,bottom_trawl,Russia,chub_spotted_mackerel,0
2016,NW,bottom_trawl,Russia,chub_spotted_mackerel,25.562
2020,NW,purse_seine,Russia,chub_spotted_mackerel,30.983
2019,NW,purse_seine,Russia,chub_spotted_mackerel,127.4
2018,NW,purse_seine,Russia,chub_spotted_mackerel,48.7
2017,NW,purse_seine,Russia,chub_spotted_mackerel,368.56
2016,NW,purse_seine,Russia,chub_spotted_mackerel,2.123
2020,NW,midwater_trawl,Russia,chub_spotted_mackerel,80047.05
2019,NW,midwater_trawl,Russia,chub_spotted_mackerel,85396.031
2018,NW,midwater_trawl,Russia,chub_spotted_mackerel,98740.257
2017,NW,midwater_trawl,Russia,chub_spotted_mackerel,53114.892
2016,NW,midwater_trawl,Russia,chub_spotted_mackerel,9109.756
2015,NW,midwater_trawl,Russia,chub_spotted_mackerel,265.528
2014,NW,midwater_trawl,Russia,chub_spotted_mackerel,1.484
2020,CA,midwater_trawl,Russia,chub_spotted_mackerel,56.714
2019,CA,midwater_trawl,Russia,chub_spotted_mackerel,507.368
2018,CA,midwater_trawl,Russia,chub_spotted_mackerel,0
2017,CA,midwater_trawl,Russia,chub_spotted_mackerel,246.646
2016,CA,midwater_trawl,Russia,chub_spotted_mackerel,91.458
2015,CA,midwater_trawl,Russia,chub_spotted_mackerel,196.545
2014,CA,midwater_trawl,Russia,chub_spotted_mackerel,20.243
2020,NW,others,Russia,chub_spotted_mackerel,1127.991
2019,NW,others,Russia,chub_spotted_mackerel,559.819
2018,NW,others,Russia,chub_spotted_mackerel,5.024
2017,NW,others,Russia,chub_spotted_mackerel,36.814
2016,NW,others,Russia,chub_spotted_mackerel,13.563
2015,NW,others,Russia,chub_spotted_mackerel,4.042
2014,NW,others,Russia,chub_spotted_mackerel,22.817
2020,CA,others,Russia,chub_spotted_mackerel,1.68
2019,CA,others,Russia,chub_spotted_mackerel,0.482
2018,CA,others,Russia,chub_spotted_mackerel,11.353
2017,CA,others,Russia,chub_spotted_mackerel,24.817
